gonza56d,gonza56d@gmail.com,abc123abc123
jsie,jsie@gmail.com,abc123abc123
cobhc,cobhc@gmail.com,abc123abc123
talenthunt,contact@talenthunt.com,abc123abc123
animallover,animallover@outlook.com,abc123abc123
pablo,pablo@yahoo.com,acb123abc123
hugo,hugo@hotmail.com,abc123abc123
demo,demo@demo.com,demo